{
  "availability": {
    "tier": 5,
    "visible": true,
    "gear_blacklist": []
  },
  "crafting_items": {
    "main": {
      "tag": "forge:ingots/allthemodium"
    }
  },
  "name": {
    "translate": "material.silentgear.allthemodium"
  },
  "display": {
    "main/all": [
      {
        "texture": "silentgear:main_generic_hc",
        "color": "#ffffef0e"
      },
      {
        "texture": "silentgear:_highlight"
      }
    ],
    "main/armor": [
      {
        "texture": "silentgear:main_generic_hc",
        "color": "#ffffef0e"
      },
      {
        "texture": "silentgear:_highlight"
      }
    ],
    "rod/all": [
      {
        "texture": "silentgear:rod_generic_lc",
        "color": "#ffffef0e"
      }
    ],
    "tip/all": [
      {
        "texture": "silentgear:tip_iron",
        "color": "#ffffef0e"
      }
    ]
  },
  "stats": {
    "main": {
      "durability": 5500.0,
      "armor_durability": 72.0,
      "enchantability": 85.0,
      "harvest_level": 5.0,
      "harvest_speed": 18.0,
      "melee_damage": 62.0,
      "magic_damage": 6.0,
      "attack_speed": 18.2,
      "armor": 42.0,
      "armor_toughness": 42.0,
      "magic_armor": 18.0,
      "ranged_damage": 0.0,
      "ranged_speed": 0.3,
      "rarity": 90.0,
      "silentgems:chargeability": 1.2
    },
    "rod": {
      "durability": {
        "mul2": 0.5
      },
      "enchantability": {
        "add": 3.0
      },
      "rarity": 70.0
    },
    "tip": {
      "durability": {
        "add": 16.0
      },
      "armor_durability": {
        "add": 10.0
      },
      "harvest_speed": {
        "add": 6.0
      },
      "magic_damage": {
        "add": 2.0
      },
      "ranged_speed": {
        "add": 0.2
      },
      "rarity": {
        "add": 30.0
      }
    }
  },
  "traits": {
    "main": [
      {
        "name": "silentgear:malleable",
        "level": 4
      },
       {
        "name": "silentgear:crushing",
        "level": 4
      }
      ],
    "rod": [
      {
        "name": "silentgear:hard",
        "level": 5,
        "conditions": [
          {
            "type": "silentgear:material_ratio",
            "ratio": 0.5
          }
        ]
      }
    ],
    "tip": [
      {
        "name": "silentgear:malleable",
        "level": 4
      },
      {
        "name": "silentgear:soft",
        "level": 3
      }
    ]
  }
}