{
  "availability": {
    "tier": 7,
    "visible": true,
    "gear_blacklist": []
  },
  "crafting_items": {
    "main": {
      "tag": "forge:ingots/unobtainium"
    }
  },
  "name": {
    "translate": "material.silentgear.unobtainium"
  },
  "display": {
    "main/all": [
      {
        "texture": "silentgear:main_generic_hc",
        "color": "#ffd152e3"
      },
      {
        "texture": "silentgear:_highlight"
      }
    ],
    "main/armor": [
      {
        "texture": "silentgear:main_generic_hc",
        "color": "#ffd152e3"
      },
      {
        "texture": "silentgear:_highlight"
      }
    ],
    "rod/all": [
      {
        "texture": "silentgear:rod_generic_lc",
        "color": "#ffd152e3"
      }
    ],
    "tip/all": [
      {
        "texture": "silentgear:tip_iron",
        "color": "#ffd152e3"
      }
    ]
  },
  "stats": {
    "main": {
      "durability": 9500.0,
      "armor_durability": 122.0,
      "enchantability": 175.0,
      "harvest_level": 6.0,
      "harvest_speed": 48.0,
      "melee_damage": 95.0,
      "magic_damage": 7.0,
      "attack_speed": 28.2,
      "armor": 62.0,
      "armor_toughness": 122.0,
      "magic_armor": 118.0,
      "ranged_damage": 0.0,
      "ranged_speed": 1.3,
      "rarity": 99.0,
      "silentgems:chargeability": 1.2
    },
    "rod": {
      "durability": {
        "mul2": 2.5
      },
      "enchantability": {
        "add": 23.0
      },
      "rarity": 99.0
    },
    "tip": {
      "durability": {
        "add": 16.0
      },
      "armor_durability": {
        "add": 1.0
      },
      "harvest_speed": {
        "add": 6.0
      },
      "magic_damage": {
        "add": 2.0
      },
      "ranged_speed": {
        "add": 0.7
      },
      "rarity": {
        "add": 60.0
      }
    }
  },
  "traits": {
    "main": [
      {
        "name": "silentgear:malleable",
        "level": 7
      },
       {
        "name": "silentgear:crushing",
        "level": 7
      }
    ],
    "rod": [
      {
        "name": "silentgear:hard",
        "level": 7,
        "conditions": [
          {
            "type": "silentgear:material_ratio",
            "ratio": 0.5
          }
        ]
      }
    ],
    "tip": [
      {
        "name": "silentgear:malleable",
        "level": 7
      },
      {
        "name": "silentgear:hard",
        "level": 7
      }
    ]
  }
}