{
  "availability": {
    "tier": 6,
    "visible": true,
    "gear_blacklist": []
  },
  "crafting_items": {
    "main": {
      "tag": "forge:ingots/vibranium"
    }
  },
  "name": {
    "translate": "material.silentgear.vibranium"
  },
  "display": {
    "main/all": [
      {
        "texture": "silentgear:main_generic_hc",
        "color": "#ff26de88"
      },
      {
        "texture": "silentgear:_highlight"
      }
    ],
    "main/armor": [
      {
        "texture": "silentgear:main_generic_hc",
        "color": "#ff26de88"
      },
      {
        "texture": "silentgear:_highlight"
      }
    ],
    "rod/all": [
      {
        "texture": "silentgear:rod_generic_lc",
        "color": "#ff26de88"
      }
    ],
    "tip/all": [
      {
        "texture": "silentgear:tip_iron",
        "color": "#ff26de88"
      }
    ]
  },
  "stats": {
    "main": {
      "durability": 7500.0,
      "armor_durability": 92.0,
      "enchantability": 105.0,
      "harvest_level": 6.0,
      "harvest_speed": 28.0,
      "melee_damage": 51.0,
      "magic_damage": 47.0,
      "attack_speed": 3.2,
      "armor": 62.0,
      "armor_toughness": 92.0,
      "magic_armor": 88.0,
      "ranged_damage": 0.0,
      "ranged_speed": 1.3,
      "rarity": 90.0,
      "silentgems:chargeability": 1.2
    },
    "rod": {
      "durability": {
        "mul2": 1.5
      },
      "enchantability": {
        "add": 13.0
      },
      "rarity": 85.0
    },
    "tip": {
      "durability": {
        "add": 16.0
      },
      "armor_durability": {
        "add": 1.0
      },
      "harvest_speed": {
        "add": 6.0
      },
      "magic_damage": {
        "add": 2.0
      },
      "ranged_speed": {
        "add": 0.7
      },
      "rarity": {
        "add": 60.0
      }
    }
  },
  "traits": {
    "main": [
      {
        "name": "silentgear:malleable",
        "level": 4
      },
       {
        "name": "silentgear:crushing",
        "level": 6
      }
    ],
    "rod": [
      {
        "name": "silentgear:hard",
        "level": 6,
        "conditions": [
          {
            "type": "silentgear:material_ratio",
            "ratio": 0.5
          }
        ]
      }
    ],
    "tip": [
      {
        "name": "silentgear:malleable",
        "level": 4
      },
      {
        "name": "silentgear:hard",
        "level": 5
      }
    ]
  }
}